{
  "nodes": {
    "svg-to-font#1": {
      "rfNode": {
        "position": {
          "x": 606.7505181364552,
          "y": 402.35873240222975
        }
      }
    }
  }
}